"1","-6","9","2.14567e-17"
"2","-5.97997","9","2.17286e-17"
"3","-5.95993","8","2.18731e-17"
"4","-5.9399","9","2.20744e-17"
"5","-5.91987","9","2.22835e-17"
"6","-5.89983","9","2.25255e-17"
"7","-5.8798","9","2.28125e-17"
"8","-5.85977","9","2.31316e-17"
"9","-5.83973","9","2.32547e-17"
"10","-5.8197","9","2.35763e-17"
"11","-5.79967","8","2.37277e-17"
"12","-5.77963","9","2.40409e-17"
"13","-5.7596","8","2.43532e-17"
"14","-5.73957","9","2.45132e-17"
"15","-5.71953","9","2.47082e-17"
"16","-5.6995","9","2.50446e-17"
"17","-5.67947","9","2.53455e-17"
"18","-5.65943","9","2.56789e-17"
"19","-5.6394","9","2.58984e-17"
"20","-5.61937","9","2.62087e-17"
"21","-5.59933","9","2.63992e-17"
"22","-5.5793","8","2.66799e-17"
"23","-5.55927","9","2.69504e-17"
"24","-5.53923","9","2.72757e-17"
"25","-5.5192","9","2.76163e-17"
"26","-5.49917","9","2.78493e-17"
"27","-5.47913","9","2.81996e-17"
"28","-5.4591","9","2.84858e-17"
"29","-5.43907","9","2.88939e-17"
"30","-5.41903","8","2.93214e-17"
"31","-5.399","9","2.94685e-17"
"32","-5.37896","8","3.01409e-17"
"33","-5.35893","9","3.01403e-17"
"34","-5.3389","9","3.0402e-17"
"35","-5.31886","8","3.09608e-17"
"36","-5.29883","8","3.13792e-17"
"37","-5.2788","8","3.17329e-17"
"38","-5.25876","7","3.22476e-17"
"39","-5.23873","8","3.24795e-17"
"40","-5.2187","8","3.28247e-17"
"41","-5.19866","7","3.3204e-17"
"42","-5.17863","7","3.37639e-17"
"43","-5.1586","9","3.38369e-17"
"44","-5.13856","8","3.43398e-17"
"45","-5.11853","9","3.45657e-17"
"46","-5.0985","8","3.52406e-17"
"47","-5.07846","8","3.54957e-17"
"48","-5.05843","8","3.56046e-17"
"49","-5.0384","9","3.63219e-17"
"50","-5.01836","9","3.66368e-17"
"51","-4.99833","9","3.69955e-17"
"52","-4.9783","9","3.75252e-17"
"53","-4.95826","9","3.79266e-17"
"54","-4.93823","8","3.85413e-17"
"55","-4.9182","9","3.87504e-17"
"56","-4.89816","9","3.92622e-17"
"57","-4.87813","9","3.97447e-17"
"58","-4.8581","9","4.00561e-17"
"59","-4.83806","9","4.08874e-17"
"60","-4.81803","9","4.13064e-17"
"61","-4.798","9","4.15957e-17"
"62","-4.77796","8","4.2548e-17"
"63","-4.75793","9","4.28074e-17"
"64","-4.7379","9","4.33171e-17"
"65","-4.71786","9","4.3638e-17"
"66","-4.69783","9","4.40191e-17"
"67","-4.6778","9","4.46992e-17"
"68","-4.65776","9","4.56561e-17"
"69","-4.63773","9","4.59994e-17"
"70","-4.6177","8","4.66437e-17"
"71","-4.59766","9","4.69531e-17"
"72","-4.57763","9","4.7628e-17"
"73","-4.5576","9","4.83499e-17"
"74","-4.53756","9","4.87146e-17"
"75","-4.51753","9","4.94458e-17"
"76","-4.4975","9","5.00279e-17"
"77","-4.47746","9","5.07034e-17"
"78","-4.45743","9","5.11541e-17"
"79","-4.4374","9","5.17979e-17"
"80","-4.41736","9","5.25211e-17"
"81","-4.39733","9","5.31592e-17"
"82","-4.3773","8","5.38162e-17"
"83","-4.35726","8","5.50469e-17"
"84","-4.33723","9","5.52403e-17"
"85","-4.3172","8","5.56941e-17"
"86","-4.29716","9","5.65741e-17"
"87","-4.27713","8","5.72751e-17"
"88","-4.2571","9","5.79848e-17"
"89","-4.23706","8","5.91251e-17"
"90","-4.21703","9","5.93795e-17"
"91","-4.19699","8","6.00403e-17"
"92","-4.17696","8","6.14436e-17"
"93","-4.15693","9","6.19527e-17"
"94","-4.13689","9","6.27474e-17"
"95","-4.11686","9","6.35927e-17"
"96","-4.09683","7","6.44521e-17"
"97","-4.07679","8","6.45047e-17"
"98","-4.05676","7","6.63326e-17"
"99","-4.03673","8","6.61116e-17"
"100","-4.01669","7","6.77363e-17"
"101","-3.99666","7","6.86842e-17"
"102","-3.97663","8","6.92811e-17"
"103","-3.95659","8","7.06623e-17"
"104","-3.93656","7","7.18322e-17"
"105","-3.91653","9","7.19495e-17"
"106","-3.89649","8","7.25691e-17"
"107","-3.87646","8","7.41458e-17"
"108","-3.85643","7","7.5619e-17"
"109","-3.83639","7","7.65733e-17"
"110","-3.81636","7","7.76175e-17"
"111","-3.79633","7","7.849e-17"
"112","-3.77629","7","7.9e-17"
"113","-3.75626","8","8.0471e-17"
"114","-3.73623","8","8.18207e-17"
"115","-3.71619","8","8.29533e-17"
"116","-3.69616","8","8.33681e-17"
"117","-3.67613","8","8.48888e-17"
"118","-3.65609","7","8.53527e-17"
"119","-3.63606","8","8.70539e-17"
"120","-3.61603","8","8.77138e-17"
"121","-3.59599","8","8.94464e-17"
"122","-3.57596","9","9.04294e-17"
"123","-3.55593","9","9.22777e-17"
"124","-3.53589","9","9.38112e-17"
"125","-3.51586","9","9.52168e-17"
"126","-3.49583","8","9.62826e-17"
"127","-3.47579","9","9.73123e-17"
"128","-3.45576","8","1.00475e-16"
"129","-3.43573","9","1.00066e-16"
"130","-3.41569","9","1.01482e-16"
"131","-3.39566","9","1.0231e-16"
"132","-3.37563","9","1.03837e-16"
"133","-3.35559","9","1.05529e-16"
"134","-3.33556","9","1.0724e-16"
"135","-3.31553","9","1.08233e-16"
"136","-3.29549","9","1.09789e-16"
"137","-3.27546","9","1.11134e-16"
"138","-3.25543","9","1.12853e-16"
"139","-3.23539","8","1.1476e-16"
"140","-3.21536","9","1.16109e-16"
"141","-3.19533","9","1.1779e-16"
"142","-3.17529","9","1.19586e-16"
"143","-3.15526","8","1.21824e-16"
"144","-3.13523","8","1.23962e-16"
"145","-3.11519","8","1.25221e-16"
"146","-3.09516","8","1.27988e-16"
"147","-3.07513","9","1.28592e-16"
"148","-3.05509","9","1.30547e-16"
"149","-3.03506","9","1.32612e-16"
"150","-3.01503","8","1.34698e-16"
"151","-2.99499","9","1.35801e-16"
"152","-2.97496","9","1.37723e-16"
"153","-2.95492","8","1.40221e-16"
"154","-2.93489","8","1.42007e-16"
"155","-2.91486","8","1.44479e-16"
"156","-2.89482","8","1.46703e-16"
"157","-2.87479","8","1.48674e-16"
"158","-2.85476","8","1.50915e-16"
"159","-2.83472","8","1.54608e-16"
"160","-2.81469","8","1.54507e-16"
"161","-2.79466","9","1.56932e-16"
"162","-2.77462","8","1.59829e-16"
"163","-2.75459","8","1.6289e-16"
"164","-2.73456","8","1.64474e-16"
"165","-2.71452","9","1.67046e-16"
"166","-2.69449","8","1.69823e-16"
"167","-2.67446","8","1.72956e-16"
"168","-2.65442","8","1.76396e-16"
"169","-2.63439","8","1.77056e-16"
"170","-2.61436","8","1.78866e-16"
"171","-2.59432","8","1.82986e-16"
"172","-2.57429","8","1.86455e-16"
"173","-2.55426","7","1.8686e-16"
"174","-2.53422","8","1.90733e-16"
"175","-2.51419","8","1.94451e-16"
"176","-2.49416","7","1.9448e-16"
"177","-2.47412","7","1.98564e-16"
"178","-2.45409","8","2.01416e-16"
"179","-2.43406","7","2.04241e-16"
"180","-2.41402","8","2.08366e-16"
"181","-2.39399","8","2.10283e-16"
"182","-2.37396","8","2.14262e-16"
"183","-2.35392","8","2.16914e-16"
"184","-2.33389","8","2.20557e-16"
"185","-2.31386","8","2.2368e-16"
"186","-2.29382","8","2.26764e-16"
"187","-2.27379","7","2.32507e-16"
"188","-2.25376","8","2.35144e-16"
"189","-2.23372","7","2.41372e-16"
"190","-2.21369","8","2.43365e-16"
"191","-2.19366","7","2.48181e-16"
"192","-2.17362","7","2.5232e-16"
"193","-2.15359","7","2.55672e-16"
"194","-2.13356","7","2.59906e-16"
"195","-2.11352","8","2.64329e-16"
"196","-2.09349","7","2.70522e-16"
"197","-2.07346","7","2.75346e-16"
"198","-2.05342","8","2.80267e-16"
"199","-2.03339","8","2.85463e-16"
"200","-2.01336","8","2.93056e-16"
"201","-1.99332","7","2.99725e-16"
"202","-1.97329","8","3.05348e-16"
"203","-1.95326","7","3.13719e-16"
"204","-1.93322","7","3.22755e-16"
"205","-1.91319","8","3.2816e-16"
"206","-1.89316","7","3.37771e-16"
"207","-1.87312","8","3.45812e-16"
"208","-1.85309","7","3.5675e-16"
"209","-1.83306","7","3.64424e-16"
"210","-1.81302","7","3.7693e-16"
"211","-1.79299","8","3.86227e-16"
"212","-1.77295","7","3.98189e-16"
"213","-1.75292","8","4.11419e-16"
"214","-1.73289","7","4.24118e-16"
"215","-1.71285","8","4.35813e-16"
"216","-1.69282","8","4.51665e-16"
"217","-1.67279","7","4.68147e-16"
"218","-1.65275","8","4.8037e-16"
"219","-1.63272","8","4.9504e-16"
"220","-1.61269","7","5.14314e-16"
"221","-1.59265","8","5.26087e-16"
"222","-1.57262","7","5.47657e-16"
"223","-1.55259","8","5.6525e-16"
"224","-1.53255","8","5.84022e-16"
"225","-1.51252","8","5.98949e-16"
"226","-1.49249","7","6.18708e-16"
"227","-1.47245","7","6.41464e-16"
"228","-1.45242","7","6.58121e-16"
"229","-1.43239","7","6.8449e-16"
"230","-1.41235","8","7.03953e-16"
"231","-1.39232","7","7.23973e-16"
"232","-1.37229","7","7.50267e-16"
"233","-1.35225","7","7.71888e-16"
"234","-1.33222","7","7.99026e-16"
"235","-1.31219","7","8.26806e-16"
"236","-1.29215","6","8.61665e-16"
"237","-1.27212","6","8.89966e-16"
"238","-1.25209","6","9.19706e-16"
"239","-1.23205","7","9.38955e-16"
"240","-1.21202","6","9.69364e-16"
"241","-1.19199","7","9.99564e-16"
"242","-1.17195","7","1.03318e-15"
"243","-1.15192","6","1.06967e-15"
"244","-1.13189","7","1.10076e-15"
"245","-1.11185","7","1.13914e-15"
"246","-1.09182","7","1.17913e-15"
"247","-1.07179","6","1.2226e-15"
"248","-1.05175","6","1.25927e-15"
"249","-1.03172","6","1.31737e-15"
"250","-1.01169","6","1.35987e-15"
"251","-0.991653","6","1.40135e-15"
"252","-0.971619","6","1.4557e-15"
"253","-0.951586","6","1.5025e-15"
"254","-0.931553","6","1.5466e-15"
"255","-0.911519","7","1.58854e-15"
"256","-0.891486","7","1.63526e-15"
"257","-0.871452","6","1.70912e-15"
"258","-0.851419","6","1.77547e-15"
"259","-0.831386","6","1.83216e-15"
"260","-0.811352","6","1.90796e-15"
"261","-0.791319","6","1.96475e-15"
"262","-0.771285","6","2.03623e-15"
"263","-0.751252","6","2.10972e-15"
"264","-0.731219","6","2.17947e-15"
"265","-0.711185","6","2.24987e-15"
"266","-0.691152","5","2.35068e-15"
"267","-0.671119","6","2.4264e-15"
"268","-0.651085","6","2.51406e-15"
"269","-0.631052","5","2.63182e-15"
"270","-0.611018","6","2.72177e-15"
"271","-0.590985","5","2.83821e-15"
"272","-0.570952","6","2.92664e-15"
"273","-0.550918","5","3.06677e-15"
"274","-0.530885","6","3.15478e-15"
"275","-0.510851","5","3.30087e-15"
"276","-0.490818","6","3.4042e-15"
"277","-0.470785","6","3.53878e-15"
"278","-0.450751","5","3.72012e-15"
"279","-0.430718","6","3.82675e-15"
"280","-0.410684","6","3.97858e-15"
"281","-0.390651","5","4.19271e-15"
"282","-0.370618","5","4.33156e-15"
"283","-0.350584","5","4.49618e-15"
"284","-0.330551","6","4.6546e-15"
"285","-0.310518","6","4.838e-15"
"286","-0.290484","5","5.07474e-15"
"287","-0.270451","5","5.26913e-15"
"288","-0.250417","5","5.47101e-15"
"289","-0.230384","6","5.64724e-15"
"290","-0.210351","5","5.88338e-15"
"291","-0.190317","5","6.11732e-15"
"292","-0.170284","5","6.32945e-15"
"293","-0.15025","5","6.54771e-15"
"294","-0.130217","5","6.75413e-15"
"295","-0.110184","5","6.97883e-15"
"296","-0.0901503","5","7.23613e-15"
"297","-0.0701169","5","7.41078e-15"
"298","-0.0500835","5","7.6356e-15"
"299","-0.0300501","5","7.84164e-15"
"300","-0.0100167","5","8.0534e-15"
"301","0.0100167","5","8.22924e-15"
"302","0.0300501","5","8.42813e-15"
"303","0.0500835","5","8.59857e-15"
"304","0.0701169","5","8.7759e-15"
"305","0.0901503","5","8.94573e-15"
"306","0.110184","5","9.09863e-15"
"307","0.130217","5","9.24217e-15"
"308","0.15025","5","9.40581e-15"
"309","0.170284","5","9.54227e-15"
"310","0.190317","6","9.64472e-15"
"311","0.210351","5","9.8069e-15"
"312","0.230384","5","9.94946e-15"
"313","0.250417","5","1.0049e-14"
"314","0.270451","5","1.01551e-14"
"315","0.290484","5","1.02553e-14"
"316","0.310518","5","1.03373e-14"
"317","0.330551","5","1.04204e-14"
"318","0.350584","6","1.04738e-14"
"319","0.370618","5","1.05977e-14"
"320","0.390651","5","1.06735e-14"
"321","0.410684","5","1.07579e-14"
"322","0.430718","5","1.08186e-14"
"323","0.450751","5","1.086e-14"
"324","0.470785","6","1.0898e-14"
"325","0.490818","5","1.09853e-14"
"326","0.510851","5","1.10429e-14"
"327","0.530885","5","1.1111e-14"
"328","0.550918","5","1.11298e-14"
"329","0.570952","5","1.11617e-14"
"330","0.590985","5","1.11997e-14"
"331","0.611018","5","1.12199e-14"
"332","0.631052","5","1.12327e-14"
"333","0.651085","5","1.12555e-14"
"334","0.671119","5","1.12813e-14"
"335","0.691152","5","1.12883e-14"
"336","0.711185","5","1.13277e-14"
"337","0.731219","5","1.13084e-14"
"338","0.751252","5","1.13086e-14"
"339","0.771285","5","1.13182e-14"
"340","0.791319","5","1.13082e-14"
"341","0.811352","5","1.13047e-14"
"342","0.831386","5","1.12869e-14"
"343","0.851419","5","1.12743e-14"
"344","0.871452","5","1.12627e-14"
"345","0.891486","5","1.12476e-14"
"346","0.911519","5","1.12315e-14"
"347","0.931553","5","1.12153e-14"
"348","0.951586","5","1.11513e-14"
"349","0.971619","5","1.11306e-14"
"350","0.991653","5","1.10816e-14"
"351","1.01169","5","1.10372e-14"
"352","1.03172","5","1.10107e-14"
"353","1.05175","6","1.08856e-14"
"354","1.07179","5","1.08833e-14"
"355","1.09182","5","1.08313e-14"
"356","1.11185","5","1.07635e-14"
"357","1.13189","5","1.06891e-14"
"358","1.15192","5","1.06242e-14"
"359","1.17195","5","1.05601e-14"
"360","1.19199","5","1.04905e-14"
"361","1.21202","5","1.03912e-14"
"362","1.23205","5","1.02778e-14"
"363","1.25209","5","1.01958e-14"
"364","1.27212","5","1.00895e-14"
"365","1.29215","5","9.99291e-15"
"366","1.31219","6","9.84629e-15"
"367","1.33222","5","9.75762e-15"
"368","1.35225","5","9.64554e-15"
"369","1.37229","5","9.51705e-15"
"370","1.39232","6","9.36155e-15"
"371","1.41235","6","9.2048e-15"
"372","1.43239","5","9.09818e-15"
"373","1.45242","6","8.93041e-15"
"374","1.47245","6","8.77287e-15"
"375","1.49249","6","8.60029e-15"
"376","1.51252","5","8.4924e-15"
"377","1.53255","5","8.29786e-15"
"378","1.55259","6","8.08326e-15"
"379","1.57262","6","7.89909e-15"
"380","1.59265","5","7.73678e-15"
"381","1.61269","5","7.54791e-15"
"382","1.63272","6","7.30736e-15"
"383","1.65275","6","7.10378e-15"
"384","1.67279","6","6.89317e-15"
"385","1.69282","6","6.68527e-15"
"386","1.71285","6","6.4659e-15"
"387","1.73289","6","6.25249e-15"
"388","1.75292","6","6.03629e-15"
"389","1.77295","6","5.81092e-15"
"390","1.79299","6","5.59554e-15"
"391","1.81302","6","5.38935e-15"
"392","1.83306","6","5.15636e-15"
"393","1.85309","6","4.95557e-15"
"394","1.87312","6","4.75724e-15"
"395","1.89316","6","4.55586e-15"
"396","1.91319","6","4.37881e-15"
"397","1.93322","6","4.19653e-15"
"398","1.95326","6","4.0236e-15"
"399","1.97329","6","3.8658e-15"
"400","1.99332","6","3.69437e-15"
"401","2.01336","6","3.55308e-15"
"402","2.03339","6","3.40681e-15"
"403","2.05342","6","3.27189e-15"
"404","2.07346","6","3.13851e-15"
"405","2.09349","7","2.99702e-15"
"406","2.11352","7","2.88213e-15"
"407","2.13356","7","2.76402e-15"
"408","2.15359","7","2.65525e-15"
"409","2.17362","7","2.5516e-15"
"410","2.19366","6","2.47266e-15"
"411","2.21369","6","2.37617e-15"
"412","2.23372","6","2.2809e-15"
"413","2.25376","7","2.1875e-15"
"414","2.27379","6","2.11362e-15"
"415","2.29382","6","2.03432e-15"
"416","2.31386","6","1.96309e-15"
"417","2.33389","7","1.88261e-15"
"418","2.35392","7","1.82013e-15"
"419","2.37396","6","1.75722e-15"
"420","2.39399","6","1.70166e-15"
"421","2.41402","7","1.63225e-15"
"422","2.43406","8","1.57672e-15"
"423","2.45409","7","1.52151e-15"
"424","2.47412","7","1.47732e-15"
"425","2.49416","8","1.42544e-15"
"426","2.51419","6","1.39093e-15"
"427","2.53422","7","1.33869e-15"
"428","2.55426","7","1.29669e-15"
"429","2.57429","7","1.25366e-15"
"430","2.59432","7","1.21852e-15"
"431","2.61436","8","1.17767e-15"
"432","2.63439","8","1.13748e-15"
"433","2.65442","8","1.10092e-15"
"434","2.67446","8","1.07189e-15"
"435","2.69449","8","1.03833e-15"
"436","2.71452","8","1.0036e-15"
"437","2.73456","7","9.78141e-16"
"438","2.75459","7","9.49241e-16"
"439","2.77462","8","9.19865e-16"
"440","2.79466","7","8.95285e-16"
"441","2.81469","8","8.69261e-16"
"442","2.83472","8","8.47725e-16"
"443","2.85476","8","8.24453e-16"
"444","2.87479","7","8.01034e-16"
"445","2.89482","8","7.77457e-16"
"446","2.91486","8","7.55183e-16"
"447","2.93489","8","7.3616e-16"
"448","2.95492","8","7.15673e-16"
"449","2.97496","8","6.94248e-16"
"450","2.99499","7","6.80505e-16"
"451","3.01503","8","6.57819e-16"
"452","3.03506","7","6.44671e-16"
"453","3.05509","8","6.2715e-16"
"454","3.07513","8","6.091e-16"
"455","3.09516","8","5.94995e-16"
"456","3.11519","8","5.79748e-16"
"457","3.13523","8","5.661e-16"
"458","3.15526","8","5.52712e-16"
"459","3.17529","8","5.37321e-16"
"460","3.19533","8","5.26497e-16"
"461","3.21536","8","5.12014e-16"
"462","3.23539","8","5.00783e-16"
"463","3.25543","8","4.85051e-16"
"464","3.27546","8","4.74018e-16"
"465","3.29549","8","4.64073e-16"
"466","3.31553","8","4.52702e-16"
"467","3.33556","8","4.41869e-16"
"468","3.35559","8","4.3081e-16"
"469","3.37563","8","4.20917e-16"
"470","3.39566","8","4.10371e-16"
"471","3.41569","8","4.01408e-16"
"472","3.43573","8","3.93839e-16"
"473","3.45576","8","3.83568e-16"
"474","3.47579","8","3.74465e-16"
"475","3.49583","7","3.67812e-16"
"476","3.51586","8","3.57504e-16"
"477","3.53589","8","3.51194e-16"
"478","3.55593","8","3.42771e-16"
"479","3.57596","8","3.36257e-16"
"480","3.59599","8","3.29933e-16"
"481","3.61603","9","3.21378e-16"
"482","3.63606","9","3.1405e-16"
"483","3.65609","7","3.07985e-16"
"484","3.67613","8","3.0313e-16"
"485","3.69616","8","2.97457e-16"
"486","3.71619","9","2.88476e-16"
"487","3.73623","9","2.82488e-16"
"488","3.75626","8","2.78086e-16"
"489","3.77629","8","2.72383e-16"
"490","3.79633","9","2.64653e-16"
"491","3.81636","8","2.61457e-16"
"492","3.83639","8","2.56491e-16"
"493","3.85643","9","2.49453e-16"
"494","3.87646","8","2.47321e-16"
"495","3.89649","9","2.40376e-16"
"496","3.91653","9","2.35933e-16"
"497","3.93656","7","2.31325e-16"
"498","3.95659","8","2.27189e-16"
"499","3.97663","10","2.21428e-16"
"500","3.99666","8","2.17857e-16"
"501","4.01669","7","2.12948e-16"
"502","4.03673","8","2.09134e-16"
"503","4.05676","9","2.05834e-16"
"504","4.07679","8","2.01719e-16"
"505","4.09683","8","1.97958e-16"
"506","4.11686","9","1.9411e-16"
"507","4.13689","8","1.91555e-16"
"508","4.15693","8","1.86274e-16"
"509","4.17696","8","1.8274e-16"
"510","4.19699","7","1.80346e-16"
"511","4.21703","7","1.76855e-16"
"512","4.23706","9","1.74036e-16"
"513","4.2571","7","1.70147e-16"
"514","4.27713","8","1.6778e-16"
"515","4.29716","7","1.64679e-16"
"516","4.3172","9","1.62385e-16"
"517","4.33723","7","1.58454e-16"
"518","4.35726","9","1.56003e-16"
"519","4.3773","9","1.52794e-16"
"520","4.39733","9","1.50677e-16"
"521","4.41736","8","1.47865e-16"
"522","4.4374","8","1.4561e-16"
"523","4.45743","7","1.44277e-16"
"524","4.47746","9","1.40006e-16"
"525","4.4975","8","1.38268e-16"
"526","4.51753","9","1.35011e-16"
"527","4.53756","8","1.33406e-16"
"528","4.5576","9","1.30578e-16"
"529","4.57763","8","1.29304e-16"
"530","4.59766","9","1.25794e-16"
"531","4.6177","8","1.24383e-16"
"532","4.63773","8","1.22637e-16"
"533","4.65776","8","1.20297e-16"
"534","4.6778","9","1.1834e-16"
"535","4.69783","8","1.16964e-16"
"536","4.71786","9","1.1424e-16"
"537","4.7379","9","1.12153e-16"
"538","4.75793","8","1.10685e-16"
"539","4.77796","8","1.0943e-16"
"540","4.798","7","1.084e-16"
"541","4.81803","9","1.05753e-16"
"542","4.83806","9","1.03054e-16"
"543","4.8581","9","1.01764e-16"
"544","4.87813","8","1.00784e-16"
"545","4.89816","9","9.90291e-17"
"546","4.9182","9","9.72393e-17"
"547","4.93823","9","9.53357e-17"
"548","4.95826","9","9.38882e-17"
"549","4.9783","9","9.25953e-17"
"550","4.99833","9","9.10888e-17"
"551","5.01836","9","8.94861e-17"
"552","5.0384","8","8.87023e-17"
"553","5.05843","9","8.70791e-17"
"554","5.07846","9","8.57202e-17"
"555","5.0985","8","8.46014e-17"
"556","5.11853","8","8.36768e-17"
"557","5.13856","9","8.21012e-17"
"558","5.1586","9","8.05657e-17"
"559","5.17863","8","8.0165e-17"
"560","5.19866","9","7.87455e-17"
"561","5.2187","9","7.7467e-17"
"562","5.23873","9","7.59484e-17"
"563","5.25876","8","7.53485e-17"
"564","5.2788","8","7.4496e-17"
"565","5.29883","9","7.26755e-17"
"566","5.31886","9","7.20209e-17"
"567","5.3389","9","7.09523e-17"
"568","5.35893","9","6.99087e-17"
"569","5.37896","9","6.89156e-17"
"570","5.399","9","6.7801e-17"
"571","5.41903","9","6.69942e-17"
"572","5.43907","9","6.55746e-17"
"573","5.4591","9","6.49445e-17"
"574","5.47913","7","6.51075e-17"
"575","5.49917","9","6.30114e-17"
"576","5.5192","9","6.24452e-17"
"577","5.53923","9","6.14049e-17"
"578","5.55927","9","6.04802e-17"
"579","5.5793","9","6.00654e-17"
"580","5.59933","9","5.92088e-17"
"581","5.61937","9","5.83841e-17"
"582","5.6394","9","5.72132e-17"
"583","5.65943","9","5.65524e-17"
"584","5.67947","9","5.57374e-17"
"585","5.6995","9","5.51218e-17"
"586","5.71953","9","5.43104e-17"
"587","5.73957","9","5.35542e-17"
"588","5.7596","9","5.29075e-17"
"589","5.77963","8","5.21505e-17"
"590","5.79967","9","5.16497e-17"
"591","5.8197","9","5.09108e-17"
"592","5.83973","9","5.01017e-17"
"593","5.85977","9","4.96081e-17"
"594","5.8798","9","4.87705e-17"
"595","5.89983","9","4.85458e-17"
"596","5.91987","9","4.75157e-17"
"597","5.9399","9","4.69477e-17"
"598","5.95993","9","4.63181e-17"
"599","5.97997","9","4.58348e-17"
"600","6","9","4.51507e-17"
